,designer_cat,clothing_type_master,size_list,color,price,title,condition,shipping_from,seller_name,seller_transactions,seller_feedback,seller_listings,like_amount,number_of_photos,new_price,seller_rating,item_description,likes,shipping_cost
0,"Patagonia , Sportswear , ",Vl4Si8zC7Q,Size: US L / EU 52-54 / 3,Color: Black,$90,Patagonia Nano Puff Vest Large Black Primaloft Down Full Zip,Condition: Used,,"zurc_vntg
(881)",(881),418 Feedback,565 Listings for Sale,,,$90,,"Patagonia Nano Puff Vest Large Black Primaloft Down Full Zip Outerwear Hiking

The vest is in good condition with no stains but has tiny hole along front zipper (Measurements in photo with size tag).

Will be shipped the Same or following day of purchase. Feel free to message me with any questions.",1,+$9
1,"Outdoor Life , Patagonia , Streetwear , ",,Size: US L / EU 52-54 / 3,Color: Black,$165,Patagonia Nano Puff Brick Jacket Primaloft,Condition: Gently Used,,"DoYouKnowKoko
(254)",(254),131 Feedback,351 Listings for Sale,,,$165,,"Light and warm basic jacket.
Primaloft insulation. Pure style.
I have another one like this in M size.

Excellent condition, without signs of wearing.

Look photos carefully, please.

Size on tag: L, it may be good for L-XL, better check measurements.
I‚Äôm 180 cm/ 75 kg on photos.

Without returns, look all photos and check measurements. Write me to ask any question before offering.

Don‚Äôt send offers ‚Äújust to check‚Äù or will be banned.

We use standard international postage service. All items will be send in the period of 2 working days, after this we have no any influence on quality of postage services working and don't take responsibility for different delivery delays.

Average terms of shipping:
We are asking you for being patient, we can meet with delivery delays because of COVID19 and general situation in the world!
USA, UK and most EU and Asia countries: 10-30 days.
Canada, Australia: 20 - 40 days, because of difficulties on postage services.

If you need purchased item necessary you can make extra payment and receive it via DHL\FedEx\etc (it's really expensive). So if you are not ready to wait during this terms and don't want to extrapay don't buy, please.

WE WILL NOT MAKE REFUND IN CASE OF LONG SHIPPING.

Follow and look my other items.",3,+$15
2,"Outdoor Life , Patagonia , ",,Size: US M / EU 48-50 / 2,Color: Black,$155,Patagonia Nano Puff Brick Jacket Primaloft,Condition: Gently Used,,"DoYouKnowKoko
(254)",(254),131 Feedback,351 Listings for Sale,,,$155,,"Light and warm basic jacket.
Primaloft insulation. Pure style.
I have another one like this in L size.

Very good used condition, with only minimal signs of wearing, nothing critical, without stains holes.

Look photos carefully, please.

Size on tag: M, it may be good for M-L, better check measurements.
I‚Äôm 180 cm/ 75 kg on photos.

70 cm - backside length
56 cm - pit to pit
46 cm - shoulders
70 cm - sleeve length from shoulder
84 cm - sleeve length from collar

Without returns, look all photos and check measurements. Write me to ask any question before offering.

Don‚Äôt send offers ‚Äújust to check‚Äù or will be banned.

We use standard international postage service. All items will be send in the period of 2 working days, after this we have no any influence on quality of postage services working and don't take responsibility for different delivery delays.

Average terms of shipping:
We are asking you for being patient, we can meet with delivery delays because of COVID19 and general situation in the world!
USA, UK and most EU and Asia countries: 10-30 days.
Canada, Australia: 20 - 40 days, because of difficulties on postage services.

If you need purchased item necessary you can make extra payment and receive it via DHL\FedEx\etc (it's really expensive). So if you are not ready to wait during this terms and don't want to extrapay don't buy, please.

WE WILL NOT MAKE REFUND IN CASE OF LONG SHIPPING.

Follow and look my other items.",1,+$15
3,"Patagonia , ",,Size: US L / EU 52-54 / 3,Color: Blue,$200,Patagonia Nano Puff Hoody Jacket,Condition: New,,"harns1
(110)",(110),55 Feedback,77 Listings for Sale,,,$200,,"Patagonia Nano Puff Hoody
New x Never Worn (No tags)
Blue
Men‚Äôs XL
2 exterior pockets, 1 interior, all Zip

**ALL SALES ARE FINAL**",8,+$8
4,"Patagonia , ",,Size: US XL / EU 56 / 4,Color: Noir,$120,Patagonia nano puff jacket,Condition: Gently Used,,"VintageNOMAD
(2)",(2),4 Feedback,129 Listings for Sale,,,$120,,NWT,2,+$7
5,"Patagonia , ",,Size: US S / EU 44-46 / 1,Color: Grey,$180,Patagonia Nano Puff Parka,Condition: Gently Used,,"annabellesaleh
(1)",(1),16 Feedback,97 Listings for Sale,,,$180,,"Patagonia Nano Puff Blue Down Jacket Size XL
Our climber-designed Nano Puff¬Æ insulation remains a modern classic: sleek, lightweight and
warm. Worn as an outer or midlayer, these jackets and vests block wind, shed snow and trap
heat‚Äîeven when wet. Insulated with synthetic PrimaLoft¬Æ Gold insulation (60-g) with a 100%
recycled polyester shell that‚Äôs treated with a DWR (durable water repellent) finish, they are free
of bulk and super compressible. We recently improved the shape and fit, resized the brick quilt
pattern, and added a soft, wicking interior storm flap and zipper garage. Styles stuff into their
own zippered chest pockets (with clip-in loop). Elasticized cuffs on the jackets and drawcord
hems on both pieces seal in warmth. Regular fit. (Logo left chest.) Made in Vietnam.

Excellent used condition, without any defects!

PLEASE CHECK MEASUREMENTS!!
pit2 pit: 25'1"" inches \ 64 cm
length on the back: 29'9"" inches \ 76 cm
shoulders: 19'6"" inches \ 50 cm
sleeve from shoulder: 27'9"" inches \ 71 cm

!!!If u have any questions please contact me before purchase!!!",5,+$9
6,"Patagonia , ",,Size: US M / EU 48-50 / 2,Color: Orange,$162,Patagonia nano puff jacket- color Mango- NWT,Condition: New,,"MrMikeArchiveCollective
(117)",(117),62 Feedback,65 Listings for Sale,,,$162,,"Used condition - has visible signs of wear and small holes on the upper back.

Please pay attention to the pictures to get a better idea of how the vest looks like in real life.

Tag size XXL.

Message me for measurements or questions and send your best offer.

Shipped ASAP.

Before hitting the offer button, read the below:

I don't ship from Europe, so if you're worried about location - ask me first;

Worldwide shipping times may vary depending on your country - ask me first;

Orders are sent as gifts - meaning no customs fee, but if any questions - ask me first.

All sales are final.",7,+$20
7,"Patagonia , ",,Size: US XL / EU 56 / 4,Color: Blue,$135,Patagonia Nano Puff Blue Jacket Size XL AS NEW!!,Condition: Gently Used,,"jozafvaici6356
(59)",(59),133 Feedback,13847 Listings for Sale,,,$135,,"Untitled Document
CATCH + RELEASE

PATAGONIA NANO PUFF VEST

- Size: Small, see measurements for fit

- Color: Blue

- Condition: Pre-owned, light wear. See all photos for condition.

MEASUREMENTS

Chest (pit to pit) = 20"" inches
Length (top to bottom) = 25 1/2"" inches
Shoulders (seam to seam) = 16 1/2"" inches
Sleeve (shoulder to cuff) = N/A

SHIPPING

We have a handling time of one business day. International orders are shipped using eBay's global shipping program.

PAYMENTS

Paypal and all major credit cards are accepted.

RETURNS

All sales are final.",4,+$21
8,"Patagonia , ",,Size: US XXL / EU 58 / 5,Color: Multicolor,$40,Patagonia Nano Puff Vest,Condition: Used,,"youreyeah
(132)",(132),133 Feedback,13847 Listings for Sale,,,$40,,"Untitled Document
CATCH + RELEASE

PATAGONIA NANO PUFF VEST

- Size: Medium, see measurements for fit

- Color: Black

- Condition: Pre-owned, lightly worn. Has a company logo on the back neck area.¬†See all photos for condition.

MEASUREMENTS

Chest (pit to pit) = 21"" inches
Length (top to bottom) = 27"" inches
Shoulders (seam to seam) = 17"" inches
Sleeve (shoulder to cuff) = N/A

SHIPPING

We have a handling time of one business day. International orders are shipped using eBay's global shipping program.

PAYMENTS

Paypal and all major credit cards are accepted.

RETURNS

All sales are final.",3,+$5
9,"Patagonia , ",,Size: US S / EU 44-46 / 1,Color: White,$144,Patagonia Nano Puff Vest Mens Size S Blue Primaloft 84241,Condition: Used,,"lucidstock
(446)",(446),133 Feedback,13847 Listings for Sale,,,$144,,"Untitled Document
CATCH + RELEASE

PATAGONIA NANO PUFF VEST

- Size: Large, see measurements for fit

- Color: Black

- Condition: Pre-owned, lightly worn. Has a company logo on the chest.¬†See all photos for condition.

MEASUREMENTS

Chest (pit to pit) = 23"" inches
Length (top to bottom) = 28"" inches
Shoulders (seam to seam) = 18"" inches
Sleeve (shoulder to cuff) = N/A

SHIPPING

We have a handling time of one business day. International orders are shipped using eBay's global shipping program.

PAYMENTS

Paypal and all major credit cards are accepted.

RETURNS

All sales are final.",1,+$5
10,"Patagonia , ",,Size: US M / EU 48-50 / 2,Color: White,$121,Patagonia Nano Puff Vest Mens Size M Black Primaloft,Condition: Used,,"lucidstock
(446)",(446),133 Feedback,13847 Listings for Sale,,,$121,,"Untitled Document
CATCH + RELEASE

PATAGONIA NANO PUFF PULLOVER

- Size: Large, see measurements for fit

- Color: Green

- Condition: Pre-owned, light wear. Discontinued style. See all photos for condition.

MEASUREMENTS

Chest (pit to pit) = 24 1/2"" inches
Length (top to bottom) = 27"" inches
Shoulders (seam to seam) = 19 1/2"" inches
Sleeve (neck seam to cuff) = 26 1/2"" inches

SHIPPING

We have a handling time of one business day. International orders are shipped using eBay's global shipping program.

PAYMENTS

Paypal and all major credit cards are accepted.

RETURNS

All sales are final.",1,+$8
11,"Patagonia , ",,Size: US L / EU 52-54 / 3,Color: White,$121,Patagonia Nano Puff Vest Mens Size L Black Primaloft,Condition: Used,,"lucidstock
(446)",(446),133 Feedback,13847 Listings for Sale,,,$121,,"Untitled Document
CATCH + RELEASE

PATAGONIA NANO PUFF VEST

- Size: X-Large, see measurements for fit

- Color: Black

- Condition: Pre-owned, like new. Has a company logo at the chest.¬†See all photos for condition.

MEASUREMENTS

Chest (pit to pit) = 24"" inches
Length (top to bottom) = 29"" inches
Shoulders (seam to seam) = 19"" inches
Sleeve (shoulder to cuff) = N/A

SHIPPING

We have a handling time of one business day. International orders are shipped using eBay's global shipping program.

PAYMENTS

Paypal and all major credit cards are accepted.

RETURNS

All sales are final.",1,+$6
12,"Patagonia , ",,Size: US L / EU 52-54 / 3,Color: White,$202,Patagonia Nano Puff Pullover Sweater Jacket Size L Green,Condition: Used,,"lucidstock
(446)",(446),133 Feedback,13847 Listings for Sale,,,$202,,"Untitled Document
CATCH + RELEASE

PATAGONIA NANO PUFF VEST

- Size: X-Large, see measurements for fit

- Color: Blue

- Condition: Pre-owned, looks and feels barely worn. See all photos for condition.

MEASUREMENTS

Chest (pit to pit) = 24 1/2"" inches
Length (top to bottom) = 29"" inches
Shoulders (seam to seam) = 19"" inches
Sleeve (shoulder to cuff) = N/A

SHIPPING

We have a handling time of one business day. International orders are shipped using eBay's global shipping program.

PAYMENTS

Paypal and all major credit cards are accepted.

RETURNS

All sales are final.",3,+$6
13,"Patagonia , ",,Size: US XL / EU 56 / 4,Color: White,$144,Patagonia Nano Puff Vest Mens Size XL Black Primaloft 84241,Condition: Used,,"lucidstock
(446)",(446),133 Feedback,13847 Listings for Sale,,,$144,,"Untitled Document
CATCH + RELEASE

PATAGONIA NANO PUFF SWEATER JACKET

- Size: Medium, see measurements for fit

- Color: Black

- Condition: Pre-owned, light wear. Features company logo. See all photos for condition.

MEASUREMENTS

Chest (pit to pit) = 22 1/2"" inches
Length (top to bottom) = 27 1/2"" inches
Shoulders (seam to seam) = 18"" inches
Sleeve (neck seam to cuff) = 26 1/2"" inches

SHIPPING

We have a handling time of one business day. International orders are shipped using eBay's global shipping program.

PAYMENTS

Paypal and all major credit cards are accepted.

RETURNS

All sales are final.",8,+$6
14,"Patagonia , ",,Size: US XL / EU 56 / 4,Color: White,$144,Patagonia Nano Puff Vest Mens Size XL Blue Primaloft,Condition: Used,,"lucidstock
(446)",(446),133 Feedback,13847 Listings for Sale,,,$144,,"Untitled Document
CATCH + RELEASE

PATAGONIA NANO PUFF VEST

- Size: Medium, see measurements for fit

- Color: Blue

- Condition: Pre-owned, lightly worn. Fall 2015 color. See all photos for condition.

MEASUREMENTS

Chest (pit to pit) = 21"" inches
Length (top to bottom) = 27"" inches
Shoulders (seam to seam) = 16 1/2"" inches
Sleeve (shoulder to cuff) = N/A

SHIPPING

We have a handling time of one business day. International orders are shipped using eBay's global shipping program.

PAYMENTS

Paypal and all major credit cards are accepted.

RETURNS

All sales are final.",8,+$6
15,"Patagonia , ",,Size: US M / EU 48-50 / 2,Color: White,$133,Patagonia Nano Puff Sweater Jacket Size M Black 84211,Condition: Used,,"lucidstock
(446)",(446),133 Feedback,13847 Listings for Sale,,,$133,,"Untitled Document
CATCH + RELEASE

PATAGONIA NANO PUFF VEST

- Size: X-Large, see measurements for fit

- Color: Black

- Condition: Pre-owned, like new. Has a company logo at the chest.¬†See all photos for condition.

MEASUREMENTS

Chest (pit to pit) = 24"" inches
Length (top to bottom) = 29"" inches
Shoulders (seam to seam) = 19"" inches
Sleeve (shoulder to cuff) = N/A

SHIPPING

We have a handling time of one business day. International orders are shipped using eBay's global shipping program.

PAYMENTS

Paypal and all major credit cards are accepted.

RETURNS

All sales are final.",7,+$21
16,"Patagonia , ",,Size: US M / EU 48-50 / 2,Color: White,$126,Patagonia Nano Puff Vest Mens Size M Blue Primaloft,Condition: Used,,"lucidstock
(446)",(446),1801 Feedback,790 Listings for Sale,,,$126,,"Brand Name: Patagonia

Condition: Good condition
Size: XXL ‚Äî Width: 27‚Äú Length: 30‚Äú Shoulder to cuff: 28‚Äú
Seller note: Nice piece in good condition, no rips, holes, or stains, please see photos for details.

!!!FREE SHIPPING TO THE USA!!!
This item has been used or worn previously.
Please don't expect it to be like new or in pristine condition.
Items will be shipped within 1-3 business day upon confirmation of payment.
Kindly see all pictures.

Thank you for your visit.",2,+$0
17,"Patagonia , ",,Size: US XL / EU 56 / 4,Color: White,$144,Patagonia Nano Puff Vest Mens Size XL Black Primaloft 84241,Condition: Used,,"lucidstock
(446)",(446),65 Feedback,175 Listings for Sale,,,$144,,"I indicate the parcel as a gift with a minimal cost

Your order will be shipped in 1-2 days afrer purchase. Note that there can be delay up to one month because of postal services.",1,+$15
18,"Patagonia , Streetwear , ",,Size: US XXL / EU 58 / 5,Color: Black,$135,Patagonia Nano Puffer Black Size XXL Puff Jacket,Condition: Gently Used,,"SleptOnGoods
(3440)",(3440),133 Feedback,13847 Listings for Sale,,,$135,,"Untitled Document
CATCH + RELEASE

PATAGONIA NANO PUFF VEST

- Size: Medium, see measurements for fit

- Color: Black

- Condition: Pre-owned, lightly worn. Has a company logo on the back neck area.¬†See all photos for condition.

MEASUREMENTS

Chest (pit to pit) = 21"" inches
Length (top to bottom) = 27"" inches
Shoulders (seam to seam) = 17"" inches
Sleeve (shoulder to cuff) = N/A

SHIPPING

We have a handling time of one business day. International orders are shipped using eBay's global shipping program.

PAYMENTS

Paypal and all major credit cards are accepted.

RETURNS

All sales are final.",2,+$21
19,"Patagonia , ",,Size: US S / EU 44-46 / 1,Color: Blue,$72,Patagonia Nano puff quarter primaloft jacket,Condition: Gently Used,,"Borzii001
(159)",(159),133 Feedback,13847 Listings for Sale,,,$72,,"Untitled Document
CATCH + RELEASE

NEW PATAGONIA NANO PUFF JACKET

- Size: Small, see measurements for fit

- Color: Green

- Condition: Brand new with tags, discontinued. from Fall 2013. See all photos for condition.

MEASUREMENTS

Chest (pit to pit) = 22"" inches
Length (top to bottom) = 26 1/2"" inches
Shoulders (seam to seam) = 18 1/2"" inches
Sleeve (shoulder to cuff) = 25 1/2"" inches

SHIPPING

We have a handling time of one business day. International orders are shipped using eBay's global shipping program.

PAYMENTS

Paypal and all major credit cards are accepted.

RETURNS

All sales are final.",1,+$25
20,"Patagonia , ",,Size: US M / EU 48-50 / 2,Color: White,$121,Patagonia Nano Puff Vest Mens Size M Black Primaloft,Condition: Used,,"lucidstock
(446)",(446),133 Feedback,13847 Listings for Sale,,,$121,,"Untitled Document
CATCH + RELEASE

NEW PATAGONIA NANO PUFF JACKET

- Size: Medium, see measurements for fit

- Color: Fluid Green

- Condition: Brand new with tags, discontinued. from Fall 2017. See all photos for condition.

MEASUREMENTS

Chest (pit to pit) = 22"" inches
Length (top to bottom) = 28"" inches
Shoulders (seam to seam) = 18 1/2"" inches
Sleeve (shoulder to cuff) = 27"" inches

SHIPPING

We have a handling time of one business day. International orders are shipped using eBay's global shipping program.

PAYMENTS

Paypal and all major credit cards are accepted.

RETURNS

All sales are final.",3,+$25
21,"Patagonia , ",,Size: US S / EU 44-46 / 1,Color: White,$305,New Patagonia Nano Puff Jacket Mens Size S Green Primaloft FA13,Condition: Used,,"lucidstock
(446)",(446),133 Feedback,13847 Listings for Sale,,,$305,,"Untitled Document
CATCH + RELEASE

PATAGONIA NANO PUFF VEST

- Size: Medium, see measurements for fit

- Color: Blue

- Condition: Pre-owned, lightly worn. Fall 2015 color. See all photos for condition.

MEASUREMENTS

Chest (pit to pit) = 21"" inches
Length (top to bottom) = 27"" inches
Shoulders (seam to seam) = 16 1/2"" inches
Sleeve (shoulder to cuff) = N/A

SHIPPING

We have a handling time of one business day. International orders are shipped using eBay's global shipping program.

PAYMENTS

Paypal and all major credit cards are accepted.

RETURNS

All sales are final.",11,+$21
22,"Patagonia , ",,Size: US M / EU 48-50 / 2,Color: White,$294,New Patagonia Nano Puff Jacket Mens Size M Fluid Green Primaloft FA17,Condition: Used,,"lucidstock
(446)",(446),133 Feedback,13847 Listings for Sale,,,$294,,"Untitled Document
CATCH + RELEASE

PATAGONIA NANO PUFF SWEATER JACKET

- Size: Medium, see measurements for fit

- Color: Black

- Condition: Pre-owned, light wear. Features company logo. See all photos for condition.

MEASUREMENTS

Chest (pit to pit) = 22 1/2"" inches
Length (top to bottom) = 27 1/2"" inches
Shoulders (seam to seam) = 18"" inches
Sleeve (neck seam to cuff) = 26 1/2"" inches

SHIPPING

We have a handling time of one business day. International orders are shipped using eBay's global shipping program.

PAYMENTS

Paypal and all major credit cards are accepted.

RETURNS

All sales are final.",5,+$21
23,"Patagonia , ",,Size: US M / EU 48-50 / 2,Color: White,$126,Patagonia Nano Puff Vest Mens Size M Blue Primaloft,Condition: Used,,"lucidstock
(446)",(446),133 Feedback,13847 Listings for Sale,,,$126,,"Untitled Document
CATCH + RELEASE

PATAGONIA NANO PUFF VEST

- Size: Large, see measurements for fit

- Color: Black

- Condition: Pre-owned, lightly worn. Has a company logo on the chest.¬†See all photos for condition.

MEASUREMENTS

Chest (pit to pit) = 23"" inches
Length (top to bottom) = 28"" inches
Shoulders (seam to seam) = 18"" inches
Sleeve (shoulder to cuff) = N/A

SHIPPING

We have a handling time of one business day. International orders are shipped using eBay's global shipping program.

PAYMENTS

Paypal and all major credit cards are accepted.

RETURNS

All sales are final.",2,+$21
24,"Patagonia , ",,Size: US M / EU 48-50 / 2,Color: White,$133,Patagonia Nano Puff Sweater Jacket Size M Black 84211,Condition: Used,,"lucidstock
(446)",(446),133 Feedback,13847 Listings for Sale,,,$133,,"Untitled Document
CATCH + RELEASE

PATAGONIA NANO PUFF VEST

- Size: X-Large, see measurements for fit

- Color: Blue

- Condition: Pre-owned, looks and feels barely worn. See all photos for condition.

MEASUREMENTS

Chest (pit to pit) = 24 1/2"" inches
Length (top to bottom) = 29"" inches
Shoulders (seam to seam) = 19"" inches
Sleeve (shoulder to cuff) = N/A

SHIPPING

We have a handling time of one business day. International orders are shipped using eBay's global shipping program.

PAYMENTS

Paypal and all major credit cards are accepted.

RETURNS

All sales are final.",7,+$21
25,"Patagonia , ",,Size: US L / EU 52-54 / 3,Color: White,$121,Patagonia Nano Puff Vest Mens Size L Black Primaloft,Condition: Used,,"lucidstock
(446)",(446),133 Feedback,13847 Listings for Sale,,,$121,,"Untitled Document
CATCH + RELEASE

PATAGONIA NANO PUFF PULLOVER

- Size: Large, see measurements for fit

- Color: Green

- Condition: Pre-owned, light wear. Discontinued style. See all photos for condition.

MEASUREMENTS

Chest (pit to pit) = 24 1/2"" inches
Length (top to bottom) = 27"" inches
Shoulders (seam to seam) = 19 1/2"" inches
Sleeve (neck seam to cuff) = 26 1/2"" inches

SHIPPING

We have a handling time of one business day. International orders are shipped using eBay's global shipping program.

PAYMENTS

Paypal and all major credit cards are accepted.

RETURNS

All sales are final.",1,+$23
26,"Patagonia , ",,Size: US XL / EU 56 / 4,Color: White,$144,Patagonia Nano Puff Vest Mens Size XL Blue Primaloft,Condition: Used,,"lucidstock
(446)",(446),1 Feedback,3 Listings for Sale,,,$144,,NWOT,2,+$8
27,"Patagonia , ",,Size: US L / EU 52-54 / 3,Color: White,$202,Patagonia Nano Puff Pullover Sweater Jacket Size L Green,Condition: Used,,"lucidstock
(446)",(446),7 Feedback,1 Listing for Sale,,,$202,,Andes Blue Nano Puff jacket in great condition. Only worn for 1 winter season. XXL size and works great with layering. No signs of wear and tear and all zippers work no issues. Retail is $199,14,+$15
28,"Patagonia , ",,Size: US XXL / EU 58 / 5,Color: Silver,$165,Patagonia Nano Puff Jacket,Condition: New,,"Musicforairports1
(3)",(3),194 Feedback,767 Listings for Sale,,,$165,,"Best offer

Condition : 9-10

Size : XL

Worldwide shipping
3-5 business days - exspress
15-35 business days - standard

All my items are original and accurately described.
I appreciate if potential buyers message me
if would like to require any further info. Thanks",,+$25
29,"Patagonia , ",,Size: US S / EU 44-46 / 1,Color: Blue,$103,Patagonia Nano Puff Jacket,Condition: Gently Used,,"ageahel
(6)",(6),13 Feedback,11 Listings for Sale,,,$103,,"Warm, windproof, water-resistant‚Äîthe Nano Puff Hoody by Patagonia uses incredibly lightweight and highly compressible 60-g PrimaLoft Gold Insulation Eco 100% postconsumer recycled polyester with P.U.R.E. technology, wrapped in a 100% recycled polyester shell and lining. Fair Trade Certified sewn. In excellent condition. NWT. Never worn. Has company Logo but can be removed. Unisex. Wear everyday, fall/winter. Wear to work, school, or just about anywhere. With jeans, slacks, sneakers or boots.",,+$12
30,"Patagonia , ",,Size: US XL / EU 56 / 4,Color: Red,$95,Patagonia Nano Puff Jacket,Condition: Used,,"honzakolar
(0)",(0),422 Feedback,730 Listings for Sale,,,$95,,"JAKET BURBERRY
SIZE :L x P ( 64 x 76) / 25, 2 X 29,92 ( XL )
Condition : 90% Good
see picture detail
.
***
Any serious flaws have been photographed

***
-delivery timing varies and delay sometimes happen, this is beyond my control (everything can happen so don't need make panic because of small delay )

***
Don't worry about customs tax or fees. I always declare as ""GIFT"" and put the value item $10 - 20**

***
Please leave phone number for shipping details
If you have any question, don't hesitate to ask

***
No refaund , no retrun ,feel free to ask

thanks",,+$40
31,"Patagonia , ",,Size: US XXL / EU 58 / 5,Color: Blue,$90,Patagonia nano puff jacket,Condition: Gently Used,,"Conradsosa
(21)",(21),7 Feedback,247 Listings for Sale,,,$90,,"-ALWAYS WELCOME BEST & POSSIBLE OFFER, DONT WAIT FOR PRICE DROP !
-SELLING FAST & BEST DEAL !
-MAKE SURE PAYPAL READY

Brand : Patagonia

Category : Top

Condition : 8.5/10 Good. see photos for any flaws and defects.

Size : fits ladies M international

REFER TO BELOW MEASUREMENTS FOR BEST SIZING :

Armpit to armpit 21.5‚Äùinches
Chest 43‚Äùinches
Total shirt length 25.5‚Äùinches

Shipping :
20 USD Worldwide except ISRAEL
Via Express Shipping
(7 business days)
Full tracking will be provided
Item will be shipped as soon as payment received

Payment preferred : Paypal

THANK YOU

Supreme/Comme Des Garcon/Gucci/Chanel/Louis Vuitton/Undercover/Goodenough/Nike/Offwhite/Kaws/Bape/Burberry/Burberrys/Moncler/Issey Miyake/Yves Saint Laurent/YSL/Adidas/Undercover/Fred Perry/Lacoste/Hysteric Glamour/Miu Miu/Junya Watanabe/Lanvin/Porter/Balenciaga/Dolce & Gabbana/Alexander McQueen/Tsumori Chisato/Swagger/Hype/Number Nine/Stussy/Neighborhood/Visvim/Vetements/Yohji Yamamoto/Prada/Fendi/Saint Laurent/Nigo/Champion/Kappa/Vintage

reference : EL3",,+$20
32,"Patagonia , ",,Size: US L / EU 52-54 / 3,Color: Dark grey,$160,Patagonia nano puff jacket,Condition: New,,"b3nici0
(20)",(20),2 Feedback,35 Listings for Sale,,,$160,,"Primaloft jacket that can be used as a mid layer or a light jacket.

Zipper pockets at sides and chest. Chest pocket has a small hole for earphones cords.

8/10 used condition. Minor defects from wear (pics 8, 9, 10).

üì¶üöö Shipping
üá®üá¶ Canada - ~1 to 7 business days for most cities. Untracked shipping may be used. Please let me know if you are rural.
üá∫üá∏ US - ~4 to 7 business days. No duty fees.
üåè Worldwide - ~7 to 45 business days. There may be fees upon delivery and delays with customs. Untracked shipping may be used.

These are not guarantees; they are average times and things like holidays, work stoppages, accidents, etc can affect it.

Contact me to arrange faster shipping via DHL/UPS/Fedex. If you have special shipping needs (PO box, no Fedex, do not safe drop, etc) then please tell me when purchasing.

üíµ Please have your PayPal ready. Accepting offers for most items.

‚ö†Ô∏è Please leave your phone number after purchasing.",,+$0
33,"Patagonia , ",,Size: US XL / EU 56 / 4,Color: Blue,$64,Men‚Äôs Patagonia Nano puff vest,Condition: Gently Used,,"DanTEngland
(0)",(0),254 Feedback,1620 Listings for Sale,,,$64,,"Style:
Timberland Similiar To North Face Nuptse Style Thermal Fall '07 Men's Brown Quilted Puffer Jacket Size Large Loose Fit (Could easily fit an XL)
Features:
‚ÄãFull zip front closure with wind flap
Ultra fill down alternative to keep you warm and toasty this winter
Multiple logos and awesome design
Street yellow geometric pattern on the inside and swag brown exterior
4 pocket front design
Hidden ribbed cuffs & double cinchcord bottom lock in the perfect fit
Perfect for:
‚ÄãSkiing, snow sports, athletics, casual wear, backpacking, guide work, streetwear, or to class
Model Measurements:
5' 11"" 185 pounds (Fits oversized on model, runs loose large or XL)
Jacket Measurements:‚Äã
Shoulder to shoulder 22.5 inches
Pit to pit 26 inches
Top to bottom 32 inches
Sleeve length 26 inches
Condition:
Excellent mint condition with no rips, holes or stains and looks barely worn could be deadstock
Comes professionally washed & Ships within 24 hours
Please check out my store & continue shopping",,+$10
34,"Patagonia , ",,Size: US S / EU 44-46 / 1,Color: Blue,$120,Patagonia Nano Puff Jacket Men's Small Sprouted Green . New,Condition: Used,,"Kenji_thriftstore
(361)",(361),39 Feedback,32 Listings for Sale,,,$120,,,,
35,"Patagonia , ",,Size: US S / EU 44-46 / 1,Color: Green,$72,Patagonia Nano Puffer Goose Down Vest,Condition: Gently Used,,"gambledeals
(16)",(16),84 Feedback,182 Listings for Sale,,,$72,,,,
36,"Patagonia , ",,Size: US S / EU 44-46 / 1,Color: Black,$130,RARE Patagonia Nanopuff Jacket ‚ÄúPea Green‚Äù,Condition: Gently Used,,"VP_StoreVintage
(927)",(927),275 Feedback,310 Listings for Sale,,,$130,,,,
37,"Patagonia , ",,Size: US XL / EU 56 / 4,Color: Black,$140,Patagonia Men's Nano Puff Hooded Jacket,Condition: Gently Used,,"TateCarlson
(0)",(0),96 Feedback,162 Listings for Sale,,,$140,,,,
38,"Patagonia , ",,Size: US M / EU 48-50 / 2,Color: Gray,$225,Patagonia Black Nano Puff Mens Jacket L,Condition: New,,"ecofriendlyfashio6829
(18)",(18),,,,,$225,,,,
39,"Patagonia , ",,Size: US M / EU 48-50 / 2,Color: Black,$120,PATAGONIA Men's Nano Puff Hoody grey Medium,Condition: Gently Used,,"aldocera
(3)",(3),,,,,$120,,,,
40,"Patagonia , ",,Size: US XS / EU 42 / 0,Color: Blue,$65,Patagonia Women's Nano Puff Puffer Jacket Ultramarine blue,Condition: Used,,"KUSAMI_GOODS
(2)",(2),,,,,$65,,,,
41,"Patagonia , ",,Size: US XL / EU 56 / 4,Color: Dark gray,$150,JACKET PATAGONIA blue nano puffer coach .,Condition: Gently Used,,"Luckyhandtohand
(2)",(2),,,,,$150,,,,
42,"Patagonia , Streetwear , ",,Size: US M / EU 48-50 / 2,Color: Blue,$64,Patagonia dark grey Nano Puff,Condition: Gently Used,,"DanTEngland
(0)",(0),,,,,$64,,,,
43,"Patagonia , ",,Size: US XL / EU 56 / 4,Color: Grey,$175,Patagonia Men‚Äôs XL Nano Puff Vest,Condition: Gently Used,,"alexdaniel99
(2)",(2),,,,,$175,,,,
44,"Patagonia , ",,Size: US XL / EU 56 / 4,Color: Pink,$116,NWT Patagonia Deadstock Spring ‚Äò19 Hooded Nano Puff Jacket,Condition: Used,,"mieus1992
(457)",(457),,,,,$116,,,,
45,"Patagonia , ",,Size: US M / EU 48-50 / 2,Color: Light blue,$120,NANO PUFF PULLOVER,Condition: Gently Used,,"ossicle
(160)",(160),,,,,$120,,,,
46,"Patagonia , ",,Size: US XL / EU 56 / 4,Color: Red,$50,Nano Puff Pullover,Condition: Gently Used,,"Ziatroutbum
(1)",(1),,,,,$50,,,,
47,"Patagonia , ",,Size: US XXL / EU 58 / 5,Color: Black,$48,Nano-Puff Vest,Condition: Gently Used,,"tony86
(186)",(186),,,,,$48,,,,
48,"Patagonia , ",,Size: US XXL / EU 58 / 5,Color: Brown,$72,Nano-Puff Vest,Condition: Gently Used,,"Dragonslayin
(549)",(549),,,,,$72,,,,
49,"Patagonia , ",,Size: US M / EU 48-50 / 2,Color: Navy,$92,Nano Puffer,Condition: Used,,"chadacadabra
(202)",(202),,,,,$92,,,,
50,"Patagonia , ",,Size: US XXL / EU 58 / 5,Color: Red,$180,Blue Down Nano-Puffer Jacket,Condition: Gently Used,,"vintagefinds5
(0)",(0),,,,,$180,,,,
51,"Patagonia , ",,Size: US L / EU 52-54 / 3,,,Dirt Roamer Soft Shell Jacket,,,,,,,,,,,,,
52,"Nike , ",,Size: US M / EU 48-50 / 2,,,Nike Ultimatum Hybrid primaloft jacket with hood insulated,,,,,,,,,,,,,
53,"Ski , Streetwear , Timberland , ",,Size: US L / EU 52-54 / 3,,,Fall '07 Timberland Down Alternative Jacket Large XL Puffer,,,,,,,,,,,,,
54,"Patagonia , Vintage , ",,Size: US S / EU 44-46 / 1,,,Nano Light Puff Rider Jacket Navy 29450F5,,,,,,,,,,,,,
55,"Patagonia , ",,Size: US S / EU 44-46 / 1,,,Vintage X Patagonia limited nano hybrid jacket,,,,,,,,,,,,,
